Name|Profile Download|Toll Free Number|Toll Free Number Linked|Web Address|Web Address Linked|Photo / Image|Photo / Image Embed|Photo / Image Embed and Linked|Email|Email Linked
Paul Job|<a href='./images/Paul Job.pdf' target='_blank' rel='noopener noreferrer'>Profile Download</a>|8007686040|<a href='tel:8007686040' target='_blank' rel='noopener noreferrer'>8007686040</a>|good-sam.com|<a href='http://good-sam.com' target='_blank' rel='noopener noreferrer'>Home Page</a>|team1.jpg|<img src='./images/team1.jpg' alt='./images/team1.jpg' width='50' height='50' style='border:5px solid black'>|<a href='./images/team1.jpg' alt='./images/team1.jpg' target='_blank'> <img src='./images/team1.jpg' alt='./images/team1.jpg' width='50' height='50' style='border:5px solid black'></a>|test@test.com|<a href='mailto:test@test.com' target='_blank' rel='noopener noreferrer'>Send email</a>
Michelle Erpenbach|<a href='./images/Michelle Erpenbach.pdf' target='_blank' rel='noopener noreferrer'>Profile Download</a>|8002428721|<a href='tel:8002428721' target='_blank' rel='noopener noreferrer'>8002428721</a>|marioninstitute.org|<a href='http://marioninstitute.org' target='_blank' rel='noopener noreferrer'>Home Page</a>|team2.jpg|<img src='./images/team2.jpg' alt='./images/team2.jpg' width='50' height='50' style='border:5px solid black'>|<a href='./images/team2.jpg' alt='./images/team2.jpg' target='_blank'> <img src='./images/team2.jpg' alt='./images/team2.jpg' width='50' height='50' style='border:5px solid black'></a>|test@test.com|<a href='mailto:test@test.com' target='_blank' rel='noopener noreferrer'>Send email</a>
Lucas Ribeiro|<a href='./images/Lucas Ribeiro.pdf' target='_blank' rel='noopener noreferrer'>Profile Download</a>|8003486258|<a href='tel:8003486258' target='_blank' rel='noopener noreferrer'>8003486258</a>|icmorris.org|<a href='http://icmorris.org' target='_blank' rel='noopener noreferrer'>Home Page</a>|team3.jpg|<img src='./images/team3.jpg' alt='./images/team3.jpg' width='50' height='50' style='border:5px solid black'>|<a href='./images/team3.jpg' alt='./images/team3.jpg' target='_blank'> <img src='./images/team3.jpg' alt='./images/team3.jpg' width='50' height='50' style='border:5px solid black'></a>|test@test.com|<a href='mailto:test@test.com' target='_blank' rel='noopener noreferrer'>Send email</a>
Yona Willis|<a href='./images/Yona Willis.pdf' target='_blank' rel='noopener noreferrer'>Profile Download</a>|8002428721|<a href='tel:8002428721' target='_blank' rel='noopener noreferrer'>8002428721</a>|vaumc.org|<a href='http://vaumc.org' target='_blank' rel='noopener noreferrer'>Home Page</a>|team4.jpg|<img src='./images/team4.jpg' alt='./images/team4.jpg' width='50' height='50' style='border:5px solid black'>|<a href='./images/team4.jpg' alt='./images/team4.jpg' target='_blank'> <img src='./images/team4.jpg' alt='./images/team4.jpg' width='50' height='50' style='border:5px solid black'></a>|test@test.com|<a href='mailto:test@test.com' target='_blank' rel='noopener noreferrer'>Send email</a>
